{
  "cold_gas": {
    "p50": 94.55153304338455,
    "p95": 107.37460500001907,
    "max": 139.39748400449753
  },
  "cold_nonce": {
    "p50": 95.63171100616455,
    "p95": 115.30785900354385,
    "max": 120.5010199546814
  },
  "warm_gas": {
    "p50": 25.804041028022766,
    "p95": 36.29631209373474
  },
  "warm_nonce": {
    "p50": 27.074296951293945,
    "p95": 37.98249399662018
  },
  "sign": {
    "p50": 15.590057969093323,
    "p95": 17.994509994983673
  },
  "send_raw_real_ms": 31,
  "current_p95_ms": 271.6769739985466,
  "floor_ms": 48.99450999498367
}